cid,username,email,password
100,Tressa,Tressa@gmail.com,8kNTDmMR
101,Ida,Ida@gmail.com,eZGgfSnL
102,Meg,Meg@gmail.com,gMeh7R
103,Dulcinea,Dulcinea@gmail.com,pjr6Lp
104,Jany,Jany@gmail.com,dKfecO
105,Chere,Chere@gmail.com,TosaQCY7
106,Luci,Luci@gmail.com,ZxJkVmqo
107,Eve,Eve@gmail.com,LCbmw
108,Karina,Karina@gmail.com,Wk7mvj3
109,Etta,Etta@gmail.com,QfD9C
110,Eve,Eve@gmail.com,k8MY4
111,Philis,Philis@gmail.com,9CsTy9o
112,Elvira,Elvira@gmail.com,dvyALw
113,Merrie,Merrie@gmail.com,5Je7XvKL
114,Chrystel,Chrystel@gmail.com,ay922Mem
115,Libbie,Libbie@gmail.com,bVTsEC
116,Melina,Melina@gmail.com,YC6gKt
117,Emylee,Emylee@gmail.com,nopha
118,Lanae,Lanae@gmail.com,XD5DCttT
119,Eolanda,Eolanda@gmail.com,vhzO8j
120,Kore,Kore@gmail.com,FQ6O7N61
121,Marnia,Marnia@gmail.com,7SJjE
122,Willetta,Willetta@gmail.com,XN9te
123,Angela,Angela@gmail.com,yLFMe
124,Priscilla,Priscilla@gmail.com,Gh6Dry
125,Carly,Carly@gmail.com,XNYwWXe
126,Frances,Frances@gmail.com,M7dmU
127,Deane,Deane@gmail.com,kgKziL
128,Cathyleen,Cathyleen@gmail.com,qINtTT8g
129,Melodie,Melodie@gmail.com,SoMUe1
130,Joeann,Joeann@gmail.com,4Iyom4
131,Lexine,Lexine@gmail.com,sks8KasB
132,Dyann,Dyann@gmail.com,oWvOH
133,Deirdre,Deirdre@gmail.com,KFzKGM
134,Jenda,Jenda@gmail.com,8j6s8ggc
135,Ofilia,Ofilia@gmail.com,4DTc2pEl
136,Lulita,Lulita@gmail.com,M2jBznT
137,Sue,Sue@gmail.com,q5fmA
138,Miquela,Miquela@gmail.com,SzQhD
139,Gianina,Gianina@gmail.com,pafLBmM
140,Alleen,Alleen@gmail.com,6YyhUJx
141,Gwyneth,Gwyneth@gmail.com,oZvyOqp
142,Ursulina,Ursulina@gmail.com,HcJTwY
143,Jordan,Jordan@gmail.com,gAQ3wEKR
144,Gusty,Gusty@gmail.com,rIk7rgg
145,Doralynne,Doralynne@gmail.com,qpdsgtSY
146,Ann-Marie,Ann-Marie@gmail.com,W1IPpf
147,Roz,Roz@gmail.com,nvZ8f6
148,Jenilee,Jenilee@gmail.com,5khCXM
149,Lelah,Lelah@gmail.com,XIOKh
150,Kaja,Kaja@gmail.com,6gEqCh
151,Giustina,Giustina@gmail.com,MQxMGi2
152,Lexine,Lexine@gmail.com,c9sevW
153,Mariann,Mariann@gmail.com,hLpfEkrF
154,Barbara,Barbara@gmail.com,rGMZ1W2J
155,Henriette,Henriette@gmail.com,btViGErr
156,Marti,Marti@gmail.com,lVmU4
157,Jenilee,Jenilee@gmail.com,eOHFQRtv
158,Flory,Flory@gmail.com,CHo6ng
159,Goldie,Goldie@gmail.com,FNQzpQG
160,Mariele,Mariele@gmail.com,AEo3w
161,Hayley,Hayley@gmail.com,FoUUt
162,Harmonia,Harmonia@gmail.com,f6eViL
163,Madalyn,Madalyn@gmail.com,y8TSooK
164,Heddie,Heddie@gmail.com,vlm5c
165,Ana,Ana@gmail.com,Qg2iXG
166,Rivalee,Rivalee@gmail.com,8uev9dby
167,Annice,Annice@gmail.com,KtGaEad
168,Gertrud,Gertrud@gmail.com,ZAK5Hd5
169,Barbara,Barbara@gmail.com,LrmpK
170,Carilyn,Carilyn@gmail.com,OaHghkaZ
171,Ayn,Ayn@gmail.com,XjeCxm
172,Chastity,Chastity@gmail.com,iB29qRG
173,Nanete,Nanete@gmail.com,a1iMs
174,Phylis,Phylis@gmail.com,h7tx3f
175,Gavrielle,Gavrielle@gmail.com,OqjxO
176,Tersina,Tersina@gmail.com,6XdxSDq
177,Danika,Danika@gmail.com,24oSG
178,Teddie,Teddie@gmail.com,WOIcWOM
179,Clementine,Clementine@gmail.com,iWsVSHe
180,Kimberley,Kimberley@gmail.com,CCQeWmd
181,Dacia,Dacia@gmail.com,JCSwS
182,Bill,Bill@gmail.com,eZAbt
183,Gwyneth,Gwyneth@gmail.com,Qmht4Q
184,Yvonne,Yvonne@gmail.com,fwbyC
185,Carolina,Carolina@gmail.com,xT3hWlh4
186,Regina,Regina@gmail.com,IcY3KG
187,Millie,Millie@gmail.com,qU9cNwJl
188,Anica,Anica@gmail.com,wafJW
189,Betta,Betta@gmail.com,9ewTU
190,Asia,Asia@gmail.com,Wr6T6E
191,Kimmy,Kimmy@gmail.com,ogFTQ
192,Zsa Zsa,Zsa Zsa@gmail.com,npFFgG
193,Nessie,Nessie@gmail.com,skGmUil
194,Carmela,Carmela@gmail.com,aflWV
195,Diena,Diena@gmail.com,4e9Uuc
196,Rivalee,Rivalee@gmail.com,Sp6F1e
197,Konstance,Konstance@gmail.com,9ORQw8IR
198,Jobi,Jobi@gmail.com,rnbbn6
199,Albertina,Albertina@gmail.com,ax9xOPrg
200,Jorry,Jorry@gmail.com,Wx3gF
201,Kerrin,Kerrin@gmail.com,GH3X4Y
202,Emylee,Emylee@gmail.com,ohM4SFs
203,Sarette,Sarette@gmail.com,ZF1InZ
204,Merrie,Merrie@gmail.com,o1BMHg
205,Leona,Leona@gmail.com,8Vosd
206,Kary,Kary@gmail.com,cXFGQ
207,Dione,Dione@gmail.com,rYBbOq
208,Lorenza,Lorenza@gmail.com,eAA37UtI
209,Nannie,Nannie@gmail.com,QpE2fa
210,Jaime,Jaime@gmail.com,nh4el
211,Rosene,Rosene@gmail.com,IRd9ST
212,Brietta,Brietta@gmail.com,1H7PoMlC
213,Nataline,Nataline@gmail.com,qfR58GY2
214,Olivette,Olivette@gmail.com,4W47Sf
215,Elsie,Elsie@gmail.com,ELMmZI6
216,Joleen,Joleen@gmail.com,MPyguce
217,Brietta,Brietta@gmail.com,Uqxo1qX
218,Maud,Maud@gmail.com,EHmWB
219,Annora,Annora@gmail.com,pMIxP3IS
220,Silvana,Silvana@gmail.com,Ucbpnaf
221,Dagmar,Dagmar@gmail.com,ce4zgOy
222,Farrah,Farrah@gmail.com,3j9vAy
223,Ardys,Ardys@gmail.com,gfIJFjF8
224,Jany,Jany@gmail.com,WhtY5
225,Florie,Florie@gmail.com,yenDI
226,Emilia,Emilia@gmail.com,JA7s8C
227,Coral,Coral@gmail.com,ODEzdPoH
228,Ericka,Ericka@gmail.com,xvlVgI
229,Damaris,Damaris@gmail.com,u3wYP
230,Magdalena,Magdalena@gmail.com,5z4ll
231,Dione,Dione@gmail.com,nPEafD
232,Ivett,Ivett@gmail.com,G1EsWzB
233,Lenna,Lenna@gmail.com,5rnn5M
234,Dolli,Dolli@gmail.com,xpmbO
235,Emmey,Emmey@gmail.com,gDg7DV
236,Odessa,Odessa@gmail.com,GzXmMW
237,Renae,Renae@gmail.com,iAA8Iw
238,Allis,Allis@gmail.com,fEeWLou
239,Caritta,Caritta@gmail.com,jfnaa
240,Sara-Ann,Sara-Ann@gmail.com,BTbVBJ
241,Tobe,Tobe@gmail.com,cgEn1
242,Jany,Jany@gmail.com,uHr4G2lh
243,Cam,Cam@gmail.com,cg1AT
244,Pollyanna,Pollyanna@gmail.com,wkqoq
245,Chastity,Chastity@gmail.com,bFplF3
246,Cathyleen,Cathyleen@gmail.com,eF4b91Gj
247,Hermione,Hermione@gmail.com,SonNo1
248,Roslyn,Roslyn@gmail.com,dWBAEaZT
249,Sharai,Sharai@gmail.com,Z3VGcuN
250,Ericka,Ericka@gmail.com,UsVXwT
251,Leanna,Leanna@gmail.com,xtA9Vv
252,Kayla,Kayla@gmail.com,gJWEQ
253,Glenda,Glenda@gmail.com,1M3vdcx
254,Larine,Larine@gmail.com,omzekf
255,Carmela,Carmela@gmail.com,R8yObNN
256,Joy,Joy@gmail.com,MgDwhPB
257,Daryl,Daryl@gmail.com,AIZSEY
258,Dyann,Dyann@gmail.com,iQ3WXqU
259,Cacilie,Cacilie@gmail.com,ke2ZN
260,Fredericka,Fredericka@gmail.com,Y8P5E
261,Donetta,Donetta@gmail.com,4D5c3u
262,Tani,Tani@gmail.com,NfK6pS
263,Juliane,Juliane@gmail.com,X87iksG
264,Konstance,Konstance@gmail.com,aD7XFPEc
265,Heida,Heida@gmail.com,38QRXG3u
266,Theodora,Theodora@gmail.com,NXfKPSB
267,Ayn,Ayn@gmail.com,yMLusRu
268,Kathy,Kathy@gmail.com,1dHR9
269,Marcy,Marcy@gmail.com,Bc6YsPF
270,Loree,Loree@gmail.com,wptXxRK
271,Almeta,Almeta@gmail.com,JpbhjMzI
272,Jorry,Jorry@gmail.com,mOHbSAe
273,Norine,Norine@gmail.com,Zsloy926
274,Elie,Elie@gmail.com,5o1QgIj
275,Christian,Christian@gmail.com,oigfV
276,Evita,Evita@gmail.com,Ttu9UX
277,Genevra,Genevra@gmail.com,Rfa9rx4
278,Estell,Estell@gmail.com,fFADa
279,Tarra,Tarra@gmail.com,zVFJniRi
280,Wanda,Wanda@gmail.com,XNd7ksFG
281,Adriana,Adriana@gmail.com,HSKU6D
282,Hyacinthe,Hyacinthe@gmail.com,lqVp9gS4
283,Brianna,Brianna@gmail.com,C1mma4
284,Selia,Selia@gmail.com,Zgokz
285,Gabi,Gabi@gmail.com,TGWIk5RL
286,Odessa,Odessa@gmail.com,Ko6VnoiZ
287,Nanete,Nanete@gmail.com,JwpVHCT
288,Lolita,Lolita@gmail.com,mtIz1
289,Catrina,Catrina@gmail.com,RYeii86
290,Jere,Jere@gmail.com,z59sTrH
291,Georgina,Georgina@gmail.com,ik5yMx
292,Babita,Babita@gmail.com,oARhv
293,Jan,Jan@gmail.com,wfU9QT7
294,Laure,Laure@gmail.com,rnBmEz
295,Camile,Camile@gmail.com,sqlrdH
296,Sean,Sean@gmail.com,nnDex
297,Starla,Starla@gmail.com,lxJYIu
298,Lenna,Lenna@gmail.com,7NSwDOMg
299,Josephine,Josephine@gmail.com,SDSx9
300,Amii,Amii@gmail.com,1bUiPyLM
301,Edee,Edee@gmail.com,u1Y9V
302,Jenda,Jenda@gmail.com,LcsqyU
303,Sara-Ann,Sara-Ann@gmail.com,iILi7ef
304,Annabela,Annabela@gmail.com,XD7prd
305,Mahalia,Mahalia@gmail.com,zgxecgx
306,Doro,Doro@gmail.com,iB3gmR
307,Yvonne,Yvonne@gmail.com,TY7hSqB
308,Ermengarde,Ermengarde@gmail.com,C8Sro
309,Minda,Minda@gmail.com,vXTzo
310,Blake,Blake@gmail.com,IgzTNl2
311,Roslyn,Roslyn@gmail.com,9maRfQg
312,Tybie,Tybie@gmail.com,p49qyhe
313,Yvonne,Yvonne@gmail.com,ef3T5y
314,Marjie,Marjie@gmail.com,7ivhpk
315,Jean,Jean@gmail.com,URBp5Y
316,Marline,Marline@gmail.com,I6hqMou
317,Ann-Marie,Ann-Marie@gmail.com,8SbiNNa1
318,Diena,Diena@gmail.com,2vVheyRf
319,Andree,Andree@gmail.com,Q82TyMp
320,Lexine,Lexine@gmail.com,wcB9tKzn
321,Teriann,Teriann@gmail.com,ASphlc8
322,Bobinette,Bobinette@gmail.com,IlvAmh
323,Daryl,Daryl@gmail.com,6AM8nen
324,Corina,Corina@gmail.com,U89ISB
325,Nariko,Nariko@gmail.com,UZtYB5uj
326,Tina,Tina@gmail.com,syeW54i
327,Max,Max@gmail.com,d41QKREo
328,Raina,Raina@gmail.com,7ZqX5
329,Jerry,Jerry@gmail.com,hRixkGC
330,Dagmar,Dagmar@gmail.com,ZA13xl
331,Noelle,Noelle@gmail.com,M6RAm
332,Jenda,Jenda@gmail.com,nYcO6LS6
333,Delilah,Delilah@gmail.com,NUJQgV
334,Albertina,Albertina@gmail.com,o8RZG3
335,Winifred,Winifred@gmail.com,7Y7bZx1X
336,Petronia,Petronia@gmail.com,nNixss9
337,Arlena,Arlena@gmail.com,aHsd8
338,Tersina,Tersina@gmail.com,ppOqH6g
339,Hettie,Hettie@gmail.com,6Ebtd
340,Hannis,Hannis@gmail.com,GBFJX1ir
341,Wileen,Wileen@gmail.com,VGRgCMZ
342,Cherilyn,Cherilyn@gmail.com,Mcb3Xcy
343,Jillayne,Jillayne@gmail.com,HuqjNCr
344,Kirbee,Kirbee@gmail.com,bJ8gCEe
345,Vevay,Vevay@gmail.com,FqBQuj
346,Roslyn,Roslyn@gmail.com,ePHNcKoD
347,Carlie,Carlie@gmail.com,Izp9e
348,Thalia,Thalia@gmail.com,yipnw
349,Cherilyn,Cherilyn@gmail.com,YAzwCg9X
350,Theodora,Theodora@gmail.com,AH8wzruj
351,Eve,Eve@gmail.com,F9Yt5yNN
352,Eugine,Eugine@gmail.com,5CgxI
353,Leeanne,Leeanne@gmail.com,xAOoG2mp
354,Valera,Valera@gmail.com,kafo4
355,Neila,Neila@gmail.com,JUXLORkK
356,Kayla,Kayla@gmail.com,i3bTJp
357,Tressa,Tressa@gmail.com,X6vog
358,Carlie,Carlie@gmail.com,kFlbYkFe
359,Charissa,Charissa@gmail.com,hcAz1
360,Danika,Danika@gmail.com,CJBHE
361,Oralee,Oralee@gmail.com,rsxA9fRl
362,Maurene,Maurene@gmail.com,Bfbqouxt
363,Agathe,Agathe@gmail.com,QUz9VoJ
364,Jacquetta,Jacquetta@gmail.com,DuXOF
365,Aaren,Aaren@gmail.com,zfs9mKb
366,Selma,Selma@gmail.com,NQieny
367,Kellen,Kellen@gmail.com,rTrS5I
368,Blondelle,Blondelle@gmail.com,hwFwZYM
369,Renie,Renie@gmail.com,kJMf4mZs
370,Tarra,Tarra@gmail.com,DgJo7c
371,Elise,Elise@gmail.com,SyvTTYYV
372,Elka,Elka@gmail.com,IFbny2yF
373,Cyb,Cyb@gmail.com,8VeAm9Dt
374,Vanessa,Vanessa@gmail.com,kPE23
375,Ginnie,Ginnie@gmail.com,xSYgtSnV
376,Bibby,Bibby@gmail.com,lqwynAFB
377,Babita,Babita@gmail.com,4KGVFQML
378,Siana,Siana@gmail.com,76HjbL
379,Codie,Codie@gmail.com,fIo3ckXU
380,Dominga,Dominga@gmail.com,LhfHZ79
381,Robbi,Robbi@gmail.com,iliawyES
382,Carly,Carly@gmail.com,welKn9
383,Ericka,Ericka@gmail.com,lR4Ji3
384,Bettine,Bettine@gmail.com,wRr3Lq
385,Zaria,Zaria@gmail.com,74Roc
386,Marnia,Marnia@gmail.com,NDGLqi
387,Ruthe,Ruthe@gmail.com,QSAuYLoz
388,Cherrita,Cherrita@gmail.com,IdEmp
389,Augustine,Augustine@gmail.com,32TFm
390,Rebeca,Rebeca@gmail.com,YpNqM
391,Taffy,Taffy@gmail.com,ip43aAFU
392,Mildrid,Mildrid@gmail.com,Z2qQm
393,Marita,Marita@gmail.com,sfvAfiP
394,Kimmy,Kimmy@gmail.com,nyrycXh
395,Ricky,Ricky@gmail.com,D7U6bpe
396,Gilda,Gilda@gmail.com,zA84F2
397,Flory,Flory@gmail.com,fNapmX5
398,Dawn,Dawn@gmail.com,k5h8DZlx
399,Arlena,Arlena@gmail.com,OueCJRc6
400,Max,Max@gmail.com,TQXDdJSd
401,Gilda,Gilda@gmail.com,AQiTpfW
402,Estell,Estell@gmail.com,fXYQZcCN
403,Dagmar,Dagmar@gmail.com,Aqpah
404,Lusa,Lusa@gmail.com,1Sv6YZw
405,Maisey,Maisey@gmail.com,rRZdjwL
406,Melodie,Melodie@gmail.com,clbGRUI
407,Karolina,Karolina@gmail.com,Lhylp
408,Shauna,Shauna@gmail.com,is43tcDa
409,Jessy,Jessy@gmail.com,vw4FFw
410,Rhoda,Rhoda@gmail.com,HNUFS
411,Jany,Jany@gmail.com,73Upa
412,Rochette,Rochette@gmail.com,33etf6
413,Liana,Liana@gmail.com,uWqNtWj8
414,Tarra,Tarra@gmail.com,hl2T6u
415,Sam,Sam@gmail.com,KFXdiR
416,Alisha,Alisha@gmail.com,Hgk3Dq1W
417,Louella,Louella@gmail.com,SjLwIZ
418,Catrina,Catrina@gmail.com,ZRbWd
419,Blondelle,Blondelle@gmail.com,499xJ
420,Kalina,Kalina@gmail.com,kAhpIxg
421,Mariann,Mariann@gmail.com,VzysyTnY
422,Georgina,Georgina@gmail.com,LSR77QSO
423,Teddie,Teddie@gmail.com,WxUVjRws
424,Alia,Alia@gmail.com,uH9o4F
425,Florencia,Florencia@gmail.com,mKywgmdg
426,Jemie,Jemie@gmail.com,o4gAm
427,Ada,Ada@gmail.com,C7KPE
428,Raquela,Raquela@gmail.com,CFfi3Huo
429,Shel,Shel@gmail.com,V2fSl
430,Aaren,Aaren@gmail.com,nTnu7B
431,Shannah,Shannah@gmail.com,VFWsxB6
432,Merle,Merle@gmail.com,FKnl7
433,Eve,Eve@gmail.com,cJLij
434,Cassondra,Cassondra@gmail.com,dhCJC
435,Fanny,Fanny@gmail.com,e3AdKba
436,Vivia,Vivia@gmail.com,vSHTJ
437,Orelia,Orelia@gmail.com,FRrdtFC
438,Tera,Tera@gmail.com,PpZkt
439,Orsola,Orsola@gmail.com,cj9SDAhM
440,Sharlene,Sharlene@gmail.com,l3WOs
441,Sam,Sam@gmail.com,Cw5Ej
442,Ada,Ada@gmail.com,mrz6U
443,Katharina,Katharina@gmail.com,jCbcUKR
444,Anallese,Anallese@gmail.com,od1zaB
445,Nariko,Nariko@gmail.com,vGpJ5Q
446,Bettine,Bettine@gmail.com,irzafwAg
447,Hildegaard,Hildegaard@gmail.com,aeu9RDho
448,Elena,Elena@gmail.com,MRPgycLv
449,Alameda,Alameda@gmail.com,kjv5Xz
450,Riannon,Riannon@gmail.com,2AiscbL
451,Jolyn,Jolyn@gmail.com,hGcbNo
452,Robbi,Robbi@gmail.com,oNj683
453,Pamella,Pamella@gmail.com,pGX91z
454,Teddie,Teddie@gmail.com,eCVtRbs
455,Damaris,Damaris@gmail.com,H74wn7q
456,Barbi,Barbi@gmail.com,wKlJq
457,Elyssa,Elyssa@gmail.com,5GLUWu8x
458,Darci,Darci@gmail.com,tumWnvgv
459,Viviene,Viviene@gmail.com,uKCSKy
460,Arlina,Arlina@gmail.com,Rq1AQ4Xb
461,Ginnie,Ginnie@gmail.com,H9rzK
462,Pamella,Pamella@gmail.com,MkYMDJ4
463,Annabela,Annabela@gmail.com,FXodNx
464,Clarice,Clarice@gmail.com,X8ZIan4X
465,Kate,Kate@gmail.com,J7vBBDw
466,Elfreda,Elfreda@gmail.com,QQc31
467,Florencia,Florencia@gmail.com,NLeLii
468,Ulrike,Ulrike@gmail.com,JQQBq
469,Gwyneth,Gwyneth@gmail.com,Fdam5s
470,Pollyanna,Pollyanna@gmail.com,kk3qdSC
471,Wendi,Wendi@gmail.com,9n4pWVd
472,Corry,Corry@gmail.com,5Yn21z9D
473,Marnia,Marnia@gmail.com,OVIbaP7j
474,Aili,Aili@gmail.com,AbbHWWZJ
475,Jinny,Jinny@gmail.com,kvaSaG
476,Elora,Elora@gmail.com,jorr7hy7
477,Pamella,Pamella@gmail.com,FxuvhFmJ
478,Gavrielle,Gavrielle@gmail.com,SL6VbkY
479,Candy,Candy@gmail.com,p2nIz5R
480,Lelah,Lelah@gmail.com,bawyfzE
481,Annaliese,Annaliese@gmail.com,gRqgqZ1U
482,Edyth,Edyth@gmail.com,fvoxtNk
483,Rochette,Rochette@gmail.com,ZKVQe
484,Wynne,Wynne@gmail.com,MsEZcch1
485,Flo,Flo@gmail.com,pElJl
486,Lolita,Lolita@gmail.com,cyRenTH5
487,Celestyna,Celestyna@gmail.com,jJJyNs8H
488,Phylis,Phylis@gmail.com,QdlQX4KE
489,Xylina,Xylina@gmail.com,EEuLfSkK
490,Elise,Elise@gmail.com,AAh7m
491,Ayn,Ayn@gmail.com,vTyc3J
492,Marguerite,Marguerite@gmail.com,yL8iO
493,Pierette,Pierette@gmail.com,lyeN9sOW
494,Petronia,Petronia@gmail.com,4kDt13
495,Betta,Betta@gmail.com,m83q2o
496,Carilyn,Carilyn@gmail.com,QDjgxZA
497,Heida,Heida@gmail.com,rruKHnjg
498,Alyssa,Alyssa@gmail.com,2wuJF5jK
499,Gretal,Gretal@gmail.com,1BlFEpsh
500,Queenie,Queenie@gmail.com,7zYO1
501,Kassey,Kassey@gmail.com,OYRY5
502,Letizia,Letizia@gmail.com,UJ8Ap
503,Margette,Margette@gmail.com,eUUP7
504,Marline,Marline@gmail.com,MXcmwL9p
505,Bee,Bee@gmail.com,JzvKsfjd
506,Isa,Isa@gmail.com,PdpHzW
507,Hannis,Hannis@gmail.com,ijfV8
508,Katharina,Katharina@gmail.com,nEBAnTJB
509,Heddie,Heddie@gmail.com,Chr2nKP5
510,Oona,Oona@gmail.com,h2Zgo5ZF
511,Helena,Helena@gmail.com,XBlp2
512,Ethel,Ethel@gmail.com,ryZHBSY
513,Tamqrah,Tamqrah@gmail.com,t1vgo
514,Lindie,Lindie@gmail.com,jxPnK2A
515,Esmeralda,Esmeralda@gmail.com,KhxGG
516,Alejandra,Alejandra@gmail.com,Lppvr3rZ
517,Pollyanna,Pollyanna@gmail.com,JbK82rZ
518,Olivette,Olivette@gmail.com,oMKU4
519,Kara-Lynn,Kara-Lynn@gmail.com,Sck6rgL
520,Carolina,Carolina@gmail.com,nOPlK
521,Bernie,Bernie@gmail.com,OTq1yWx
522,Lelah,Lelah@gmail.com,bmOwuXWR
523,Lanae,Lanae@gmail.com,1VzenOyU
524,Helsa,Helsa@gmail.com,QAWVW
525,Netty,Netty@gmail.com,kuUnkCB
526,Jordan,Jordan@gmail.com,B5AuU
527,Kenna,Kenna@gmail.com,zVQ8WrE
528,Krystle,Krystle@gmail.com,41bCYFMm
529,Kerrin,Kerrin@gmail.com,XVjERRZ
530,Alleen,Alleen@gmail.com,zRUWMs
531,Bobinette,Bobinette@gmail.com,8UddrY
532,Augustine,Augustine@gmail.com,XztHbkU
533,Sophia,Sophia@gmail.com,H2EWnzG
534,Bernie,Bernie@gmail.com,pWJLBhq
535,Bobbi,Bobbi@gmail.com,DHaTa
536,Adriana,Adriana@gmail.com,kG7w1S
537,Marline,Marline@gmail.com,XLhz9
538,Lolita,Lolita@gmail.com,MY7TR4xW
539,Kelly,Kelly@gmail.com,iymYHJ
540,Roberta,Roberta@gmail.com,UDqFRA
541,Giustina,Giustina@gmail.com,LlOkp
542,Giustina,Giustina@gmail.com,R7U236
543,Lelah,Lelah@gmail.com,Mfpw895O
544,Elise,Elise@gmail.com,jRANMm
545,Larine,Larine@gmail.com,44CteM2P
546,Audrie,Audrie@gmail.com,xKvKf
547,Cecile,Cecile@gmail.com,g6Xvls
548,Tersina,Tersina@gmail.com,8fyxHIc8
549,Christal,Christal@gmail.com,aYmlu7
550,Cherilyn,Cherilyn@gmail.com,VCsynz
551,Darlleen,Darlleen@gmail.com,TBHuGdV3
552,Kimmy,Kimmy@gmail.com,KeWpU
553,Willetta,Willetta@gmail.com,2kEFj
554,Karly,Karly@gmail.com,9IhCGo
555,Josephine,Josephine@gmail.com,wWaRUi
556,Rubie,Rubie@gmail.com,ikfLb
557,Vivia,Vivia@gmail.com,ZMexpW
558,Andree,Andree@gmail.com,qdhwwi5j
559,Candi,Candi@gmail.com,Fs2zEr4
560,Celisse,Celisse@gmail.com,Dujgld
561,Nerta,Nerta@gmail.com,A3dS1V9J
562,Maud,Maud@gmail.com,o1kLlH9Z
563,Clementine,Clementine@gmail.com,2ZBiQ7ka
564,Corina,Corina@gmail.com,9xM8GKw
565,Myriam,Myriam@gmail.com,LpXZWD
566,Selma,Selma@gmail.com,JpHWPUca
567,Lorne,Lorne@gmail.com,7U1cv
568,Deirdre,Deirdre@gmail.com,6U3qwBaZ
569,Katleen,Katleen@gmail.com,47uJz
570,Ofilia,Ofilia@gmail.com,oAcKeB
571,Bee,Bee@gmail.com,nEHDUPJ
572,Elka,Elka@gmail.com,AfGrTJw
573,Gilligan,Gilligan@gmail.com,rBL3E
574,Asia,Asia@gmail.com,EArVaBc
575,Merci,Merci@gmail.com,RbOvBia
576,Lusa,Lusa@gmail.com,PRklOP
577,Malina,Malina@gmail.com,UYU9W
578,Binny,Binny@gmail.com,k8qDfav
579,Anestassia,Anestassia@gmail.com,iPdt2lc
580,Blinni,Blinni@gmail.com,u55dlqpk
581,Dari,Dari@gmail.com,Lc4yp
582,Reeba,Reeba@gmail.com,6E85xS
583,Christian,Christian@gmail.com,Q9Cib
584,Teddie,Teddie@gmail.com,wV46Jb
585,Gwyneth,Gwyneth@gmail.com,7S4J2hLj
586,Tabbatha,Tabbatha@gmail.com,fJa2ZOn
587,Janey,Janey@gmail.com,82uPPpoo
588,Orelia,Orelia@gmail.com,qYc7cQMA
589,Elyssa,Elyssa@gmail.com,cd44Z5
590,Ernesta,Ernesta@gmail.com,qPKfGGLJ
591,Shandie,Shandie@gmail.com,CWkECKE
592,Ann-Marie,Ann-Marie@gmail.com,iHDvotn2
593,Alie,Alie@gmail.com,ABHT5
594,Florencia,Florencia@gmail.com,Iosu1TZ
595,Karina,Karina@gmail.com,2Dh2Fu8g
596,Lelah,Lelah@gmail.com,os7cOZ7
597,Gratia,Gratia@gmail.com,WltmN75
598,Kara-Lynn,Kara-Lynn@gmail.com,aUZne1V
599,Allyce,Allyce@gmail.com,U3RhVv
600,Jennica,Jennica@gmail.com,KCZGA11O
601,Ottilie,Ottilie@gmail.com,YdRnd
602,Nataline,Nataline@gmail.com,WmeMd6
603,Emma,Emma@gmail.com,62Ea2eKo
604,Demetris,Demetris@gmail.com,y5n5TIC
605,Oona,Oona@gmail.com,iK9ij
606,Cassondra,Cassondra@gmail.com,cGRxydQG
607,Eolanda,Eolanda@gmail.com,X4WIYy
608,Ira,Ira@gmail.com,zYnFE
609,Britni,Britni@gmail.com,VPbz6RA
610,Dorothy,Dorothy@gmail.com,askFglz
611,Annaliese,Annaliese@gmail.com,231ZtJUH
612,Kirbee,Kirbee@gmail.com,TjlFj
613,Kirstin,Kirstin@gmail.com,Eja6K
614,Ashlee,Ashlee@gmail.com,wCChxYU
615,Corry,Corry@gmail.com,zmruA
616,Brietta,Brietta@gmail.com,LBHYvfq
617,Amii,Amii@gmail.com,bGi1Te
618,Winifred,Winifred@gmail.com,37ypaC8
619,Ezmeralda,Ezmeralda@gmail.com,mSsfZLGt
620,Adele,Adele@gmail.com,KyjNh1
621,Alie,Alie@gmail.com,RPqCAbz
622,Wanda,Wanda@gmail.com,4ZfQOwk
623,Christal,Christal@gmail.com,U13rxQFi
624,Halette,Halette@gmail.com,CPdeIa
625,Marinna,Marinna@gmail.com,S5gSVYt
626,Ginnie,Ginnie@gmail.com,3l76W
627,Blondelle,Blondelle@gmail.com,89gzTMoG
628,Nariko,Nariko@gmail.com,NHxhOEX
629,Roberta,Roberta@gmail.com,ILfuy8fJ
630,Clary,Clary@gmail.com,U2JwNhct
631,Barbi,Barbi@gmail.com,MzkOky
632,Brandise,Brandise@gmail.com,ATsOCJEb
633,Mariele,Mariele@gmail.com,RL3s93ed
634,Tami,Tami@gmail.com,3DQVcKl
635,Xylina,Xylina@gmail.com,VEE33r2Q
636,Wynne,Wynne@gmail.com,dlPRY5
637,Donnie,Donnie@gmail.com,a8UdzY
638,Ariela,Ariela@gmail.com,OekmZ
639,Calla,Calla@gmail.com,cgbUka
640,Sindee,Sindee@gmail.com,vMSkdvld
641,Celene,Celene@gmail.com,Pyw8gMU
642,Kristan,Kristan@gmail.com,1jLZ8ZR
643,Krystle,Krystle@gmail.com,sf5OZLkO
644,Eadie,Eadie@gmail.com,tP3dvYY
645,Merle,Merle@gmail.com,YzfYsm
646,Sharai,Sharai@gmail.com,ok2Gc
647,Gretal,Gretal@gmail.com,SZBCY
648,Madeleine,Madeleine@gmail.com,6erqA
649,Jacquetta,Jacquetta@gmail.com,n7UZxyDu
650,Layla,Layla@gmail.com,icXHHUfJ
651,Ulrike,Ulrike@gmail.com,mjuWVXPQ
652,Basia,Basia@gmail.com,9f6zQtp
653,Cordi,Cordi@gmail.com,BONhx
654,Zsa Zsa,Zsa Zsa@gmail.com,uK5S9
655,Brynna,Brynna@gmail.com,Val66nCW
656,Yvonne,Yvonne@gmail.com,HHyUq
657,Magdalena,Magdalena@gmail.com,NIXjRSZ
658,Di,Di@gmail.com,alkXCvTw
659,Hildegaard,Hildegaard@gmail.com,qhSlEA
660,Ethel,Ethel@gmail.com,JPMie5
661,Ermengarde,Ermengarde@gmail.com,aWx3htq
662,Hermione,Hermione@gmail.com,Olxjycg
663,Sara-Ann,Sara-Ann@gmail.com,XgLiP
664,Arabel,Arabel@gmail.com,IIW69pb
665,Coral,Coral@gmail.com,o8Zd37JK
666,Thalia,Thalia@gmail.com,F74WEhYq
667,Wynne,Wynne@gmail.com,U5DoM
668,Lucille,Lucille@gmail.com,vY924k
669,Cassondra,Cassondra@gmail.com,thwKC9
670,Eolanda,Eolanda@gmail.com,Zx5Mmg8X
671,Robbi,Robbi@gmail.com,rrGo4
672,Adore,Adore@gmail.com,66Q4B
673,Ottilie,Ottilie@gmail.com,sKhZe
674,Arlina,Arlina@gmail.com,Y3IhHFdj
675,Donetta,Donetta@gmail.com,zcrYj
676,Tobe,Tobe@gmail.com,qG5Hr8Ak
677,Cherrita,Cherrita@gmail.com,jxqUY
678,Monika,Monika@gmail.com,FSSZRRT
679,Clo,Clo@gmail.com,BnycLv
680,Demetris,Demetris@gmail.com,GQJwwm
681,Bibby,Bibby@gmail.com,JzYKpZ
682,Netty,Netty@gmail.com,ClCYwvC
683,Theodora,Theodora@gmail.com,pDMPxqt
684,Kayla,Kayla@gmail.com,2ITE2
685,Tani,Tani@gmail.com,NDFIoacm
686,Xylina,Xylina@gmail.com,XnQHgUu
687,Ann-Marie,Ann-Marie@gmail.com,jSwbd
688,Regina,Regina@gmail.com,gfbX1od
689,Bibby,Bibby@gmail.com,RDnVI
690,Cindelyn,Cindelyn@gmail.com,UPpn75
691,Barbara,Barbara@gmail.com,PbgjmXlV
692,Tonia,Tonia@gmail.com,2uo9ul
693,Coral,Coral@gmail.com,lrmoQ1j
694,Florie,Florie@gmail.com,RzG55z
695,Kary,Kary@gmail.com,Kww6Sz
696,Joelly,Joelly@gmail.com,836YCnIH
697,Kylynn,Kylynn@gmail.com,owzDGz
698,Veda,Veda@gmail.com,GXdwG3TX
699,Camile,Camile@gmail.com,jfcGNTSa
700,Anestassia,Anestassia@gmail.com,iOp9Rt5
701,Zondra,Zondra@gmail.com,WgaFT4
702,Gilda,Gilda@gmail.com,3AqJtrr
703,Beatriz,Beatriz@gmail.com,w5B2sS
704,Tybie,Tybie@gmail.com,5vkoR
705,Doro,Doro@gmail.com,iJ4yCFO
706,Emilia,Emilia@gmail.com,GEcMz8T
707,Lilith,Lilith@gmail.com,3Yt6gA
708,Amara,Amara@gmail.com,ln7u6
709,Almeta,Almeta@gmail.com,MNJqKy
710,Sindee,Sindee@gmail.com,wL45rjg
711,Kayla,Kayla@gmail.com,eoQZjgfp
712,Larine,Larine@gmail.com,gtG5GOZV
713,Brynna,Brynna@gmail.com,yp4Mvqy
714,Dulcinea,Dulcinea@gmail.com,4Oji3M8
715,Cristabel,Cristabel@gmail.com,vTdZz8
716,Tamqrah,Tamqrah@gmail.com,ZWpqdv
717,Britni,Britni@gmail.com,kJ6IX
718,Kristan,Kristan@gmail.com,MnErlZ
719,Janenna,Janenna@gmail.com,wzN1X
720,Judy,Judy@gmail.com,tCNPX4ie
721,Barbi,Barbi@gmail.com,JjSEl5
722,Raina,Raina@gmail.com,ONF8yie
723,Charissa,Charissa@gmail.com,CSQvdX
724,Christy,Christy@gmail.com,yqDVa
725,Kathi,Kathi@gmail.com,5CDlH3lG
726,Kittie,Kittie@gmail.com,R2wPI
727,Oralee,Oralee@gmail.com,lxhycHz
728,Kimmy,Kimmy@gmail.com,ZoO2b5Qn
729,Correy,Correy@gmail.com,Q9tbQTdo
730,Georgina,Georgina@gmail.com,FwFkHCp
731,Dulce,Dulce@gmail.com,3DA1VuE
732,Katharina,Katharina@gmail.com,aSyMr1
733,Viviene,Viviene@gmail.com,aj34nvsT
734,Margalo,Margalo@gmail.com,F7jUgc
735,Hyacinthe,Hyacinthe@gmail.com,pYiEv
736,Modestia,Modestia@gmail.com,XbFBVW
737,Candi,Candi@gmail.com,iehLUWy
738,Fanchon,Fanchon@gmail.com,lZif1PCv
739,Carmencita,Carmencita@gmail.com,AAe8UXuE
740,Elsie,Elsie@gmail.com,glIHdfz
741,Georgina,Georgina@gmail.com,ccaZBgSU
742,Janenna,Janenna@gmail.com,sH4TRG
743,Elfreda,Elfreda@gmail.com,6oyWwGRs
744,Charissa,Charissa@gmail.com,bcjF2hyr
745,Gavrielle,Gavrielle@gmail.com,CaSaR
746,Violet,Violet@gmail.com,muZ7fWa
747,Marcelline,Marcelline@gmail.com,RWG6S2sI
748,Mamie,Mamie@gmail.com,dMDBXN
749,Oralee,Oralee@gmail.com,5flZ3K
750,Inga,Inga@gmail.com,FJCOi
751,Jessamyn,Jessamyn@gmail.com,Fm8evHWu
752,Beverley,Beverley@gmail.com,YhwFvvQ
753,Adore,Adore@gmail.com,JuGuUl
754,Cacilie,Cacilie@gmail.com,KwrT2Du
755,Linet,Linet@gmail.com,pUwzIe
756,Rubie,Rubie@gmail.com,WIMdEA
757,Mallory,Mallory@gmail.com,IIGfSrfF
758,Emilia,Emilia@gmail.com,oh5FnB
759,Carolina,Carolina@gmail.com,49DGxHG
760,Grier,Grier@gmail.com,VYOHWa3V
761,Kristan,Kristan@gmail.com,sAxqhvmA
762,Maurene,Maurene@gmail.com,IHNMr
763,Selma,Selma@gmail.com,KCOig5
764,Eolanda,Eolanda@gmail.com,PBXF4PjJ
765,Agnese,Agnese@gmail.com,1BzSs
766,Annabela,Annabela@gmail.com,uihiQl
767,Caryl,Caryl@gmail.com,9BYGXrQ
768,Aili,Aili@gmail.com,MK8NyoI
769,Gianina,Gianina@gmail.com,z8yUOFF
770,Rosanne,Rosanne@gmail.com,FutLC2
771,Emilia,Emilia@gmail.com,tFs2xeER
772,Christy,Christy@gmail.com,5vvBEz
773,Lila,Lila@gmail.com,Z5wCRgU
774,Janenna,Janenna@gmail.com,ro7Nlc5U
775,Perry,Perry@gmail.com,QOTmQ
776,Myrtice,Myrtice@gmail.com,XeVLok8U
777,Meghann,Meghann@gmail.com,Svyg4FVP
778,Constance,Constance@gmail.com,XrFshX
779,Hollie,Hollie@gmail.com,eMShi
780,Gabi,Gabi@gmail.com,KIoc2SE
781,Loree,Loree@gmail.com,Ia3iu
782,Pearline,Pearline@gmail.com,dg6sq
783,Aubrie,Aubrie@gmail.com,dXI6zP6
784,Marsiella,Marsiella@gmail.com,wB7Vy
785,Mignon,Mignon@gmail.com,NzMlGJ6
786,Debee,Debee@gmail.com,nnzrK
787,Shell,Shell@gmail.com,JWbYRs
788,Meghann,Meghann@gmail.com,shHEbsX
789,Lilith,Lilith@gmail.com,UhOFu
790,Minne,Minne@gmail.com,WZ2fE
791,Michaelina,Michaelina@gmail.com,BOlrNzT
792,Desirae,Desirae@gmail.com,pi1u48R
793,Regina,Regina@gmail.com,lgDnCuO
794,Xylina,Xylina@gmail.com,38Jmw57
795,Britte,Britte@gmail.com,gHGNKBL
796,Alameda,Alameda@gmail.com,RFEWm
797,Cyb,Cyb@gmail.com,fBc4IPJ
798,Kate,Kate@gmail.com,EnU4w4T
799,Layla,Layla@gmail.com,BoSQ5uf
800,Kara-Lynn,Kara-Lynn@gmail.com,dXp2Zj
801,Edyth,Edyth@gmail.com,sRy9i3
802,Madeleine,Madeleine@gmail.com,58VmyBO
803,Gisela,Gisela@gmail.com,gWGI5fo
804,Tarra,Tarra@gmail.com,rRgqCvn9
805,Nananne,Nananne@gmail.com,f8zYfp1
806,Noelle,Noelle@gmail.com,z8SjLQ45
807,Daphne,Daphne@gmail.com,Y6bpvo
808,Margette,Margette@gmail.com,TXV1juWM
809,Thalia,Thalia@gmail.com,KMVxvvm
810,Henriette,Henriette@gmail.com,c59cx
811,Nelle,Nelle@gmail.com,ZJXiP
812,Amara,Amara@gmail.com,lakkBSi
813,Chrystel,Chrystel@gmail.com,kwx8zc
814,Fanchon,Fanchon@gmail.com,AZ53K
815,Janis,Janis@gmail.com,VrW2gPnI
816,Janenna,Janenna@gmail.com,QARGXNK9
817,Cacilie,Cacilie@gmail.com,ywgmWCWf
818,Hermione,Hermione@gmail.com,kga5Pxv
819,Elise,Elise@gmail.com,dnfz5
820,Glynnis,Glynnis@gmail.com,sASCdNH
821,Clementine,Clementine@gmail.com,ztuQFB7s
822,Elvira,Elvira@gmail.com,PYAeN7K
823,Gloria,Gloria@gmail.com,v3LGCF
824,Sheree,Sheree@gmail.com,kMZmxHA4
825,Mara,Mara@gmail.com,if2819Xq
826,Eadie,Eadie@gmail.com,8urHJ
827,Andeee,Andeee@gmail.com,1t9a7TU
828,Diena,Diena@gmail.com,PLDUiREO
829,Melanie,Melanie@gmail.com,bVVk7LEp
830,Blinni,Blinni@gmail.com,AAGTb6e
831,Pierette,Pierette@gmail.com,dQ5DL
832,Kimberley,Kimberley@gmail.com,onnJkVgy
833,Tori,Tori@gmail.com,U6ZI2PM
834,Elvira,Elvira@gmail.com,lYIbwu
835,Eve,Eve@gmail.com,Zdnxnt
836,Sean,Sean@gmail.com,ACaUJj7U
837,Hyacinthe,Hyacinthe@gmail.com,R8X9MF
838,Karlee,Karlee@gmail.com,UHVuN5
839,Caryl,Caryl@gmail.com,rsfqq6h
840,Eolanda,Eolanda@gmail.com,JzSjXI
841,Ida,Ida@gmail.com,pEeom1
842,Marcelline,Marcelline@gmail.com,qwJVq1
843,Dacia,Dacia@gmail.com,mX1WI
844,Morganica,Morganica@gmail.com,SCtUB
845,Gisela,Gisela@gmail.com,IAdsAJ4D
846,Candi,Candi@gmail.com,SZDcue
847,Priscilla,Priscilla@gmail.com,ecUXel
848,Helena,Helena@gmail.com,nkKsqQDa
849,Sheree,Sheree@gmail.com,b8XsG
850,Gerrie,Gerrie@gmail.com,9DLfR
851,Tera,Tera@gmail.com,Sx4zI2j
852,Cristabel,Cristabel@gmail.com,9eS4U
853,Sibella,Sibella@gmail.com,Bc91BZCh
854,Jere,Jere@gmail.com,kXLgL
855,Dorothy,Dorothy@gmail.com,gysncXk
856,Aubrie,Aubrie@gmail.com,JUXtx1
857,Lynea,Lynea@gmail.com,dcEzIPS
858,Andree,Andree@gmail.com,B2bFr
859,Ardenia,Ardenia@gmail.com,bbxl5
860,Nonnah,Nonnah@gmail.com,Mamdd
861,Bill,Bill@gmail.com,Vae8o
862,Beverley,Beverley@gmail.com,5LAM1S
863,Fanny,Fanny@gmail.com,lB81n
864,Ebonee,Ebonee@gmail.com,NxhZDK
865,Jan,Jan@gmail.com,7BroxB
866,Paola,Paola@gmail.com,jdBht
867,Elvira,Elvira@gmail.com,DOGXOP
868,Regina,Regina@gmail.com,pEXsV
869,Cassondra,Cassondra@gmail.com,1sdO6D
870,Roxane,Roxane@gmail.com,ZSEuN
871,Jeanna,Jeanna@gmail.com,6kjByeC
872,Selma,Selma@gmail.com,N44uQD8
873,Gerrie,Gerrie@gmail.com,yi1hKH2
874,Rori,Rori@gmail.com,fKQ1M
875,Gwenneth,Gwenneth@gmail.com,2Yy97M
876,Philis,Philis@gmail.com,XsvQ3x3
877,Tiffie,Tiffie@gmail.com,6BCJaJ
878,Augustine,Augustine@gmail.com,eVpz2
879,Belva,Belva@gmail.com,mm4ofl
880,Tilly,Tilly@gmail.com,DATDY
881,Adore,Adore@gmail.com,Koeu74Ja
882,Olivette,Olivette@gmail.com,zio1MP
883,Janeczka,Janeczka@gmail.com,EQz3d
884,Jany,Jany@gmail.com,coOtmF
885,Fawne,Fawne@gmail.com,wujHJg
886,Flory,Flory@gmail.com,k486tLeP
887,Nananne,Nananne@gmail.com,YGKwpO
888,Alyda,Alyda@gmail.com,wOiMpW3
889,Fernande,Fernande@gmail.com,arc7D
890,Bee,Bee@gmail.com,DP8nEP8A
891,Shel,Shel@gmail.com,pb2Ho6
892,Gratia,Gratia@gmail.com,xiVgSu
893,Mireielle,Mireielle@gmail.com,bLEKPo
894,Arlina,Arlina@gmail.com,Vqjw2w7h
895,Cacilie,Cacilie@gmail.com,rwpVkCy
896,Aimil,Aimil@gmail.com,m4NW5C
897,Maurene,Maurene@gmail.com,e7TIhJPW
898,Kaia,Kaia@gmail.com,34x5NBv
899,Norine,Norine@gmail.com,hlxHc5
900,Susette,Susette@gmail.com,dlAndfo
901,Rochette,Rochette@gmail.com,jc2KNsV
902,Livvyy,Livvyy@gmail.com,4iXqoKW
903,Georgina,Georgina@gmail.com,vhDKYn
904,Alyda,Alyda@gmail.com,xILZtC
905,Tamqrah,Tamqrah@gmail.com,KI14Zn
906,Codie,Codie@gmail.com,5zk5aX
907,Shell,Shell@gmail.com,aeYhC
908,Theodora,Theodora@gmail.com,GbwVhU6
909,Kimmy,Kimmy@gmail.com,QJbot
910,Corina,Corina@gmail.com,BzjnIE3N
911,Minne,Minne@gmail.com,ugHEShJ
912,Gilda,Gilda@gmail.com,H3cnDW
913,Kathi,Kathi@gmail.com,9bnH9H
914,Cam,Cam@gmail.com,1T1ylF
915,Lynea,Lynea@gmail.com,gyH1Ho
916,Rani,Rani@gmail.com,wunGpb1j
917,Ofilia,Ofilia@gmail.com,fHrBppzm
918,Rori,Rori@gmail.com,81mepYXp
919,Sheree,Sheree@gmail.com,SeXNpo
920,Harmonia,Harmonia@gmail.com,v6Wbt
921,Brianna,Brianna@gmail.com,7oLeqq
922,Sashenka,Sashenka@gmail.com,xQVyjMD2
923,Berta,Berta@gmail.com,55F6o
924,Lonnie,Lonnie@gmail.com,DrV24
925,Sean,Sean@gmail.com,hBGjtrz
926,Brena,Brena@gmail.com,17Bbg5
927,Goldie,Goldie@gmail.com,6xfA9
928,Gloria,Gloria@gmail.com,mFMzdwz3
929,Tera,Tera@gmail.com,lAxXsBoe
930,Magdalena,Magdalena@gmail.com,uLzDF3h
931,Corina,Corina@gmail.com,tzNamFrU
932,Bettine,Bettine@gmail.com,i5quEO
933,Gale,Gale@gmail.com,k4WA9h
934,Kellen,Kellen@gmail.com,9eDAJz
935,Rosabelle,Rosabelle@gmail.com,3e1Dxo
936,Nicoli,Nicoli@gmail.com,ki8QJb
937,Celisse,Celisse@gmail.com,zie8s
938,Karina,Karina@gmail.com,ZeqKvDB
939,Jackie,Jackie@gmail.com,HIL3Q1
940,Ronna,Ronna@gmail.com,g7XgGBhh
941,Ekaterina,Ekaterina@gmail.com,leSK5wk7
942,Heddie,Heddie@gmail.com,kAHCnd32
943,Atlanta,Atlanta@gmail.com,zGLcuxu
944,Susan,Susan@gmail.com,QtBpP
945,Aaren,Aaren@gmail.com,BAHIYDTn
946,Aurelie,Aurelie@gmail.com,Vwc4C
947,Frieda,Frieda@gmail.com,9RKTJH5
948,Cecile,Cecile@gmail.com,P4MaOX
949,Pearline,Pearline@gmail.com,bF1NDf8E
950,Kate,Kate@gmail.com,cye3E
951,Tersina,Tersina@gmail.com,bmtD59
952,Marnia,Marnia@gmail.com,cOWiBKD
953,Arlina,Arlina@gmail.com,onPgjccJ
954,Alyda,Alyda@gmail.com,IcGpAfPS
955,Layla,Layla@gmail.com,pZHe4L
956,Hayley,Hayley@gmail.com,LufSn9
957,Rosene,Rosene@gmail.com,ZnLs2zJ
958,Demetris,Demetris@gmail.com,vHK5NE6
959,Imojean,Imojean@gmail.com,EZmrwT
960,Ginnie,Ginnie@gmail.com,cwBVgXbr
961,Melodie,Melodie@gmail.com,v2EjC
962,Ninnetta,Ninnetta@gmail.com,hKQEu
963,Alyda,Alyda@gmail.com,DuqkwPKN
964,Adore,Adore@gmail.com,mRKIFy
965,Marti,Marti@gmail.com,aHuB8IXS
966,Codie,Codie@gmail.com,Zes1W
967,Bobbi,Bobbi@gmail.com,cTfOPJzs
968,Marika,Marika@gmail.com,Za5mTinC
969,Arlena,Arlena@gmail.com,ki9KTW3
970,Basia,Basia@gmail.com,8gTIIKCi
971,Adelle,Adelle@gmail.com,Gd8HTDH
972,Deedee,Deedee@gmail.com,MnAluQV9
973,Regina,Regina@gmail.com,yL1p2I
974,Ofilia,Ofilia@gmail.com,WAFU2A
975,Tiffie,Tiffie@gmail.com,OAqmxG
976,Deedee,Deedee@gmail.com,hzDYzI
977,Dorothy,Dorothy@gmail.com,1o9Eyoid
978,Danika,Danika@gmail.com,A5DxAu7x
979,Dawn,Dawn@gmail.com,m1tCTxd
980,Rori,Rori@gmail.com,37qxOm2z
981,Carly,Carly@gmail.com,ub5yb
982,Gavrielle,Gavrielle@gmail.com,Bu4vtz
983,Aurelie,Aurelie@gmail.com,ivMjI3
984,Imojean,Imojean@gmail.com,xqQBxl
985,Wynne,Wynne@gmail.com,hB5fnc5M
986,Heida,Heida@gmail.com,z9gLMUEt
987,Concettina,Concettina@gmail.com,3PvLyKNT
988,Darci,Darci@gmail.com,lyfy6uHv
989,Rosabelle,Rosabelle@gmail.com,MwYwiPGI
990,Jessamyn,Jessamyn@gmail.com,5uBd1J
991,Adore,Adore@gmail.com,kDoKPpCT
992,Janenna,Janenna@gmail.com,pvQuFHv
993,Courtnay,Courtnay@gmail.com,4yDdz9
994,Ardys,Ardys@gmail.com,1L1Vc
995,Bettine,Bettine@gmail.com,nSpFoIfS
996,Hettie,Hettie@gmail.com,kPFnQgr
997,Kayla,Kayla@gmail.com,LKt5i
998,Farrah,Farrah@gmail.com,OZ5VPci
999,Gwenneth,Gwenneth@gmail.com,jmWnq
1000,Lita,Lita@gmail.com,2jULLHpO
1001,Merry,Merry@gmail.com,ElDw7Hpm
1002,Stacey,Stacey@gmail.com,xs3S1
1003,Iseabal,Iseabal@gmail.com,UVb9Ln
1004,Miquela,Miquela@gmail.com,vwdIah
1005,Selma,Selma@gmail.com,BIsQ6t
1006,Bobinette,Bobinette@gmail.com,fsgqJs
1007,Dulcinea,Dulcinea@gmail.com,Y7K1Jvt
1008,Tomasina,Tomasina@gmail.com,RoW7LPb
1009,Sindee,Sindee@gmail.com,HrhJT
1010,Althea,Althea@gmail.com,XcA38BNB
1011,Fayre,Fayre@gmail.com,y69msL8p
1012,Carolina,Carolina@gmail.com,9Lulio5
1013,Hannis,Hannis@gmail.com,WXc1ZPH
1014,Stephanie,Stephanie@gmail.com,ptFZt97o
1015,Catrina,Catrina@gmail.com,tidSi4yy
1016,Karina,Karina@gmail.com,d33D4KBS
1017,Noelle,Noelle@gmail.com,Tmpn4jo
1018,Mignon,Mignon@gmail.com,sxnHUV
1019,Ruthe,Ruthe@gmail.com,HkJCnBGY
1020,Lindie,Lindie@gmail.com,9BZ2qy
1021,Vita,Vita@gmail.com,prFfmO
1022,Ketti,Ketti@gmail.com,pdUFJ
1023,Dorene,Dorene@gmail.com,gfhS3k
1024,Celene,Celene@gmail.com,seABGlt
1025,Josephine,Josephine@gmail.com,IZOgW
1026,Collen,Collen@gmail.com,fjP5gP
1027,Ellette,Ellette@gmail.com,ZWCkrwZy
1028,Ninnetta,Ninnetta@gmail.com,YQkDjT
1029,Tamqrah,Tamqrah@gmail.com,ATS8P
1030,Sue,Sue@gmail.com,hVkHz8w
1031,Jenilee,Jenilee@gmail.com,ymCDclX
1032,Ottilie,Ottilie@gmail.com,pBZhEjh1
1033,Sheelagh,Sheelagh@gmail.com,ksyLF
1034,Halette,Halette@gmail.com,xFJyTu
1035,Lily,Lily@gmail.com,DbE11iu
1036,Pollyanna,Pollyanna@gmail.com,EIrhh7a
1037,Madeleine,Madeleine@gmail.com,jWIbBS
1038,Karolina,Karolina@gmail.com,R2HuC
1039,Charissa,Charissa@gmail.com,qm1k29
1040,Lyssa,Lyssa@gmail.com,Ynvy6v
1041,Nessie,Nessie@gmail.com,5D7FKg
1042,Elora,Elora@gmail.com,oEeHY2Tm
1043,Ayn,Ayn@gmail.com,qM1gZQ
1044,Leia,Leia@gmail.com,kckg39vv
1045,Zia,Zia@gmail.com,dfN7Rq
1046,Benita,Benita@gmail.com,cxkCyY
1047,Audrie,Audrie@gmail.com,8CQEmVm
1048,Nariko,Nariko@gmail.com,m69QBOb
1049,Lucille,Lucille@gmail.com,WSjVgqc3
1050,Linzy,Linzy@gmail.com,eminRig
1051,Lacie,Lacie@gmail.com,dJKEoiP3
1052,Juliane,Juliane@gmail.com,MlZfZN
1053,Harrietta,Harrietta@gmail.com,aFnUe4l
1054,Renie,Renie@gmail.com,AtUz5KM
1055,Rivalee,Rivalee@gmail.com,nfpcNeD
1056,Wanda,Wanda@gmail.com,K6Ubmc
1057,Florie,Florie@gmail.com,sHN8ZaH
1058,Joeann,Joeann@gmail.com,g8N8FN
1059,Alex,Alex@gmail.com,HW3Xk
1060,Ricky,Ricky@gmail.com,4Mv6kT
1061,Joelly,Joelly@gmail.com,B4dE3idi
1062,Brena,Brena@gmail.com,drYz9Pe
1063,Kerrin,Kerrin@gmail.com,uPPgS
1064,Cathyleen,Cathyleen@gmail.com,VN32uLNv
1065,Addia,Addia@gmail.com,tWCiy
1066,Romona,Romona@gmail.com,A7enHbwb
1067,Valera,Valera@gmail.com,7LQMrweU
1068,Elena,Elena@gmail.com,G55Nil1z
1069,Mildrid,Mildrid@gmail.com,iaELKMB
1070,Theodora,Theodora@gmail.com,V8MNRQz
1071,Hildegaard,Hildegaard@gmail.com,as7HA
1072,Elmira,Elmira@gmail.com,P4333CgM
1073,Christy,Christy@gmail.com,LSmkzZ
1074,Wendi,Wendi@gmail.com,R3uQ5U8
1075,Krystle,Krystle@gmail.com,Watrgj
1076,Nyssa,Nyssa@gmail.com,AJsLWrf
1077,Bertine,Bertine@gmail.com,bcTBJben
1078,Stacey,Stacey@gmail.com,WgPZuJz
1079,Loree,Loree@gmail.com,2QwRR
1080,Dawn,Dawn@gmail.com,FvfNB
1081,Shirlee,Shirlee@gmail.com,xbBLtd
1082,Tobe,Tobe@gmail.com,uamMgP
1083,Lynnea,Lynnea@gmail.com,Rgwqi7i
1084,Melisent,Melisent@gmail.com,gLSOTkr
1085,Gratia,Gratia@gmail.com,b8xH3
1086,Jordan,Jordan@gmail.com,vbirpyVH
1087,Josephine,Josephine@gmail.com,XDOoBSb
1088,Lexine,Lexine@gmail.com,xzqcDK
1089,Lilith,Lilith@gmail.com,WVPIqpXC
1090,Karena,Karena@gmail.com,CfAbZvID
1091,Michaelina,Michaelina@gmail.com,v4xzbZ
1092,Anallese,Anallese@gmail.com,lU4oYMzQ
1093,Chere,Chere@gmail.com,WqteX
1094,Emylee,Emylee@gmail.com,S3XD1Q
1095,Tybie,Tybie@gmail.com,gnpu2
1096,Danny,Danny@gmail.com,CJikvB
1097,Janey,Janey@gmail.com,YhFhug
1098,Tybie,Tybie@gmail.com,u5ulC
1099,Wynne,Wynne@gmail.com,gZSoGKY3
1100,Willetta,Willetta@gmail.com,LFbFiNMQ
1101,Bettine,Bettine@gmail.com,MW8EXp
1102,Dorthy,Dorthy@gmail.com,wgubQW
1103,Jorry,Jorry@gmail.com,eUV3dH
1104,Evaleen,Evaleen@gmail.com,9BsJc
1105,Diena,Diena@gmail.com,OGm8d
1106,Janis,Janis@gmail.com,Z6UWkfmw
1107,Bernie,Bernie@gmail.com,GB5LfoZ6
1108,Vanessa,Vanessa@gmail.com,4eGVQ
1109,Zia,Zia@gmail.com,Wm7YQ3QA
1110,Amelia,Amelia@gmail.com,kWUm8
1111,Madelle,Madelle@gmail.com,gyYOz
1112,Sharai,Sharai@gmail.com,nklKLV
1113,Bee,Bee@gmail.com,lpNkSDnB
1114,Aurore,Aurore@gmail.com,arHJlA
1115,Cissiee,Cissiee@gmail.com,aTsrl
1116,Raf,Raf@gmail.com,BoR8Ql
1117,Marline,Marline@gmail.com,AAcjl
1118,Ana,Ana@gmail.com,lmpyZOM
1119,Nollie,Nollie@gmail.com,Emgkf
1120,Clo,Clo@gmail.com,POAo8
1121,Leanna,Leanna@gmail.com,YeWzBRi
1122,Kalina,Kalina@gmail.com,pOyuMF